id,date,time_start,time_finish,species,prey,location,pred_size,prey_captured,prey_size,sim_enc,sand,ripple,water,slope,temp,temp_time,low_tide,tide_ht,A+,A,A?,P,PC,S,B,PIT,TF,FOT,OTE,Events
1,19-10-84,10:41,10:56,2,2,T6,,2,5,,5,0,4,3,,,,,,,,,,,,,,,,
2,19-10-84,11:06,11:20,2,2,T6,,1,5,,5,0,4,3,,,,,,,,,,,,,,,,
3,19-10=84,10:20,10:29,2,2,T6,,,,,5,0,4,3,,,,,,,,,,,,,,,,
4,20-10-84,10:10,11:00,1,1,T1,,,,,3,2,1,0,29.2,,,,1,6,2,,,,,,,1,,
5,22-10-84,11:23,11:35,1,1,T1,12,1,3.1,,3,4,2,0,27.7,10:45,,,,,6,,1,,,1,,,,
6,22-10-84,11:45,11:55,1,1,T1,14,,,,3,4,2,0,,,13:18,0.23,1,,1,,,,,,,,,
7,22-10-84,10:59,11:10,1,1,T1,12,,,,3,4,2,0,,,,,,1,,,,,,,,,,
8,22-10-84,12:17,12:23,1,1,T1,12,,,,3,4,2,0,,,,,,,1,,,,1,,,,,
9,22-10-84,12:06,12:14,1,1,T1,12,,,,3,4,2,0,,,,,,,,,,,,,,,,
10,24-10-84,14:13,14:29,1,1,T1,14,,,,3,4,2,0,,,,,,,,,,,1,,,1,1,Trail previous to recording very contorted
11,24-10-84,13:56,14:09,1,1,T1,,,,,3,4,2,0,,,,,,,,,,,1,,,,1,
12,24-10-84,13:31,13:43,1,1,T1,10,1,2.5,,3,2,2,0,29.9,,,,1,,,,,,,1,,1,,Close encounter with large prey (10mm) no response.
13,24-10-84,12:53,13:09,1,1,T1,12.5,,,,3,2,2,0,30.8,,,,,,2,,,,,,,,,
14,25-10-84,14:26,14:32,1,1,T1,11,0,,,3,2,2,0,,,,,1,1,2,,,,,,,,,
15,25-10-84,13:58,14:05,1,1,T1,12.1,0,,,3,2,2,0,,,,,,,,,,,,,,,,
16,25-10-84,14:34,14:45,1,1,T1,11.2,0,,,3,2,2,0,,,,,,,1,,,,,,,,,
17,25-10-84,14:10,14:16,1,1,T1,12.5,0,,,3,2,2,0,,,,,,,,,,,,,,,,
18,25-10-84,14:19,14:24,1,1,T1,12.5,0,,,,,,,,,,,,,,,,,,,,,,
19,05-11-84,13:53,14:01,1,1,L1,14.5,,3.8,,,,,,24.3,,,,,1,,1,1,,1,,,,,
20,05-11-84,13:04,13:32,1,1,L1,14.5,,3.6,,,,,,24.3,,,,1,,,1,1,1,1,,,,,
21,06-11-84,11:14,11:26,1,1,L1,14.2,,,,,,,,23.8,,,,,,,,,,,,1,,,"Isolated overnight with no prey. Close encounter but appeared no response, however shows typical loop after prey encounter."
22,06-11-84,11:37,11:42,1,1,L1,14.5,,,,,,,,23.8,,,,1,,,,1,,1,,1,,,"Same as 21, repositioned to new spot, followed prey closely after A+"
23,07-11-84,09:42,09:54,1,1,L1,,,,,,,,,,,,,,,,,1,,1,,,,,"Not worth analysis, prey assessment time 60 seconds"
24,07-11-84,13:39,14:35,1,1,L1,,,,,,,,,,,,,,,,,1,,1,,1,,,"Water drained top of sand exposed at 1230, flow resumed at 1430. Initial track very convoluted but no obvious sign of attack although stopped on several occasions."
25,07-11-84,13:17,13:42,1,1,L1,,,,,,,,,,,,,3,,,,1,,1,,,,,Same conditions as 24
25B,09-11-84,15:32,15:46,1,1,L1,,,,,,,,,,,,,2,1,,1,1,,1,1,,,1,"1-4 uds, 4 [A,} no reaction, 4-27 uds"
26,09-11-84,15:15,15:20,1,1,L1,,,,,,,,,,,,,,,,,,,1,,,,,
27,10-11-84,14:53,15:15,1,1,L1,,,,,,,,,,,,,2,1,,,1,,1,,,,,
28,10-11-84,15:16,15:20,1,1,L1,,,,,,,,,,,,,1,,,,1,,1,1,,,,
29,11-11-84,10:24,10:39,1,1,L1,,,,,,,,,,,,,1,,,,1,,1,3,,,,"water drained 0945, light surface water remaining in area of search PIT on surfacing, PC diff prey, PIT older one may just have been trailed in mucus"
30,12-11-84,12:16,17:15,1,0,L1,,,,,,,,,,,,,,,,,,,,,,,,"no prey in area, trail not observed, track drawn, occurred between 1600-1715"
31,12-11-84,17:20,17:34,1,0,L1,,,,,,,,,,,,,,,1,,,,,,,,2,"no prey in area, possible detection of P.conicus buried"
32,12-11-84,17:49,18:10,1,0,L1,,,,,,,,,,,,,,,,,,,,,,,5,"no prey in area, continuation of 31"
33,12-11-84,12:19,14:00,1,0,L1,,,,,,,,,,,,,,,1,,,,,,,,,"no prey in area, entire track whilst pred buried (D4) points no recorded at 15 sec intervals"
34,13-11-84,09:50,11:11,1,0,L1,,,,,,,,,,,,,,,2,,,,,,,,,"no prey in area, encounter with other buried Polinices"
35,13-11-84,10:55,11:13,1,0,L1,,,,,,,,,,,,,,,,,,,,,,,1,"no prey in area, possible encounter with buried Polinices"
36,13-11-84,16:16,16:29,1,0,L1,,,,,,,,,,,,,,,,,,,,,,,,"no prey in area, no events"
37,19-11-84,09:52,10:47,1,0,L1,,,,,,,,,,,,,,,,,,,,,,,,"no prey in area, starved for seven days, water from prey holding tank dropped above buried snail, Initially animal buried, but shortly after introducing prey water pred surfaced and commenced tight search which eventually took on form of spiral. One apparent attack and prob ??"
38,22-12-84,13:25,14:08,3,3,M2,,,,,,,,,,,,,,,,,,,,,,,,
39,23-12-84,12:52,13:10,3,3,M2,,,,,,,,,,,,,,,,,,,,,,,,
40,23-12-84,13:10,13:15,3,3,M2,,,,,,,,,,,,,,,,,,,,,,,,
41,23-12-84,12:36,12:40,3,3,M2,,,,,,,,,,,,,,,,,,,,,,,,
42,23-12-84,12:48,12:50,3,3,M2,,,,,,,,,,,,,,,,,,,,,,,,
43,20-02-85,16:34,17:05,1,1,L1,,,,,,,,,,,,,,,,,,,,,,,,
44,21-02-85,11:45,11:50,1,1,L1,,,,,,,,,,,,,,,,,,,,,,,,
45,21-02-85,12:00,12:13,1,1,L1,,,,,,,,,,,,,,,,,,,,,,,,
46,21-02-85,12:00,12:17,1,1,L1,,,,,,,,,,,,,,,,,,,,,,,,
47,22-02-85,14:18,14:29,1,1,L1,,,,,,,,,,,,,,,,,,,,,,,,
48,22-02-85,14:34,14:41,1,1,L1,,,,,,,,,,,,,,,,,,,,,,,,
49,26-02-85,12:53,12:58,1,1,L1,,,,,,,,,,,,,,,,,,,,,,,,
50,26-02-85,13:13,13:18,1,1,L1,,,,,,,,,,,,,,,,,,,,,,,,
51,26-02-85,13:01,13:04,1,1,L1,,,,,,,,,,,,,,,,,,,,,,,,
52,06-03-85,12:40,12:48,2,2,T6,,,,,,,,,,,,,,,,,,,,,,,,
53,06-03-85,12:40,12:53,2,2,T6,,,,,,,,,,,,,,,,,,,,,,,,
54,06-03-85,13:23,13:35,2,2,T6,,,,,,,,,,,,,,,,,,,,,,,,
55,07-03-85,13:14,13:19,2,2,T6,,,,,,,,,,,,,,,,,,,,,,,,
56,07-03-85,14:15,14:22,2,2,T6,,,,,,,,,,,,,,,,,,,,,,,,
57,07-03-85,13:32,13:41,2,2,T6,,,,,,,,,,,,,,,,,,,,,,,,
58,07-03-85,13:48,14:02,2,2,T6,,,,,,,,,,,,,,,,,,,,,,,,
59,10-03-85,13:02,13:11,1,0,L1,,,,,,,,,,,,,,,,,,,,,,,,
60,10-03-85,12:41,13:05,1,0,L1,,,,,,,,,,,,,,,,,,,,,,,,
61,10-03-85,12:45,12:51,1,0,L1,,,,,,,,,,,,,,,,,,,,,,,,
62,10-03-85,12:48,12:57,1,0,L1,,,,,,,,,,,,,,,,,,,,,,,,
63,10-03-85,13:13,13:23,1,0,L1,,,,,,,,,,,,,,,,,,,,,,,,
64,10-03-85,13:13,13:21,1,0,L1,,,,,,,,,,,,,,,,,,,,,,,,
65,10-03-85,12:55,13:02,1,0,L1,,,,,,,,,,,,,,,,,,,,,,,,
66,10-03-85,12:59,13:04,1,0,L1,,,,,,,,,,,,,,,,,,,,,,,,
67,10-03-85,12:51,12:55,1,0,L1,,,,,,,,,,,,,,,,,,,,,,,,
68,10-03-85,12:41,12:46,1,0,L1,,,,,,,,,,,,,,,,,,,,,,,,
69,10-03-85,15:33,15:44,1,0,L1,,,,,,,,,,,,,,,,,,,,,,,,
70,10-03-85,15:07,15:28,1,0,L1,,,,,,,,,,,,,,,,,,,,,,,,
71,10-03-85,15:20,15:40,1,0,L1,,,,,,,,,,,,,,,,,,,,,,,,
71+,10-03-85,15:27,15:33,1,0,L1,,,,,,,,,,,,,,,,,,,,,,,,
72,10-03-85,15:14,15:21,1,0,L1,,,,,,,,,,,,,,,,,,,,,,,,
73,10-03-85,15:40,15:44,1,0,L1,,,,,,,,,,,,,,,,,,,,,,,,
74,10-03-85,15:13,15:30,1,0,L1,,,,,,,,,,,,,,,,,,,,,,,,
75,10-03-85,15:22,15:32,1,0,L1,,,,,,,,,,,,,,,,,,,,,,,,
76,10-03-85,15:13,15:16,1,0,L1,,,,,,,,,,,,,,,,,,,,,,,,
78,12-03-85,15:56,16:07,1,0,L1,,,,,,,,,,,,,,,,,,,,,,,,
79,12-03-85,15:51,16:04,1,0,L1,,,,,,,,,,,,,,,,,,,,,,,,
80,12-03-85,15:51,16:03,1,0,L1,,,,,,,,,,,,,,,,,,,,,,,,
81,12-03-85,15:24,15:32,1,0,L1,,,,,,,,,,,,,,,,,,,,,,,,
82,12-03-85,15:06,15:32,1,0,L1,,,,,,,,,,,,,,,,,,,,,,,,
83,12-03-85,14:51,14:59,1,0,L1,,,,,,,,,,,,,,,,,,,,,,,,
84,12-03-85,15:07,15:18,1,0,L1,,,,,,,,,,,,,,,,,,,,,,,,
85,12-03-85,15:27,15:32,1,0,L1,,,,,,,,,,,,,,,,,,,,,,,,
86,12-03-85,14:39,14:45,1,0,L1,,,,,,,,,,,,,,,,,,,,,,,,
87,12-03-85,14:51,14:55,1,0,L1,,,,,,,,,,,,,,,,,,,,,,,,
88,13-03-85,09:30,09:26,1,0,L1,,,,,,,,,,,,,,,,,,,,,,,,
89,14-03-85,08:13,08:30,1,0,L1,,,,,,,,,,,,,,,,,,,,,,,,
90,14-03-85,08:26,08:33,1,0,L1,,,,,,,,,,,,,,,,,,,,,,,,
91,14-03-85,08:11,08:19,1,0,L1,,,,,,,,,,,,,,,,,,,,,,,,
92,14-03-85,08:31,08:49,1,0,L1,,,,,,,,,,,,,,,,,,,,,,,,
93,13-03-85,09:13,09:22,1,0,L1,,,,,,,,,,,,,,,,,,,,,,,,
94,14-03-85,08:19,08:25,1,0,L1,,,,,,,,,,,,,,,,,,,,,,,,
95,14-03-85,08:36,08:48,1,0,L1,,,,,,,,,,,,,,,,,,,,,,,,
96,14-03-85,08:45,08:51,1,0,L1,,,,,,,,,,,,,,,,,,,,,,,,
97,14-03-85,08:39,08:44,1,0,L1,,,,,,,,,,,,,,,,,,,,,,,,
98,14-03-85,13:16,13:31,1,1,L1,,,,,,,,,,,,,,,,,,,,,,,,
99,14-03-85,13:14,13:31,1,1,L1,,,,,,,,,,,,,,,,,,,,,,,,
100,14-03-85,18:00,18:19,1,1,L1,,,,,,,,,,,,,,,,,,,,,,,,
101,14-03-85,18:40,18:49,1,1,L1,,,,,,,,,,,,,,,,,,,,,,,,
102,14-03-85,18:17,18:18,1,1,L1,,,,,,,,,,,,,,,,,,,,,,,,
103,14-03-85,18:28,18:38,1,1,L1,,,,,,,,,,,,,,,,,,,,,,,,
104,14-03-85,18:34,18:40,1,1,L1,,,,,,,,,,,,,,,,,,,,,,,,
105,15-03-85,09:01,09:28,1,1,L1,,,,,,,,,,,,,,,,,,,,,,,,
106,15-03-85,12:19,13:10,1,1,L1,,,,,,,,,,,,,,,,,,,,,,,,
107,15-03-85,11:08,11:34,1,1,L1,,,,,,,,,,,,,,,,,,,,,,,,
108,15-03-85,09:27,09:36,1,1,L1,,,,,,,,,,,,,,,,,,,,,,,,
109,16-03-85,12:21,12:16,1,1,L1,,,,,,,,,,,,,,,,,,,,,,,,
110,16-03-85,11:51,12:03,1,1,L1,,,,,,,,,,,,,,,,,,,,,,,,
111,16-03-85,13:19,13:39,1,1,L1,,,,,,,,,,,,,,,,,,,,,,,,
112,16-03-85,12:31,13:03,1,1,L1,,,,,,,,,,,,,,,,,,,,,,,,
113,16-03-85,12:38,12:50,1,1,L1,,,,,,,,,,,,,,,,,,,,,,,,
114,16-03-85,11:49,12:32,1,1,L1,,,,,,,,,,,,,,,,,,,,,,,,
115,16-03-85,12:05,12:16,1,1,L1,,,,,,,,,,,,,,,,,,,,,,,,
116,16-03-85,12:12,12:39,1,1,L1,,,,,,,,,,,,,,,,,,,,,,,,
117,03-04-85,12:48,12:59,1,1,T1,,,,,,,,,,,,,,,,,,,,,,,,
118,03-04-85,12:38,12:43,1,1,T1,,,,,,,,,,,,,,,,,,,,,,,,
119,03-04-85,12:14,12:26,1,1,T1,,,,,,,,,,,,,,,,,,,,,,,,
120,03-04-85,11:57,12:06,1,1,T1,,,,,,,,,,,,,,,,,,,,,,,,
121,04-04-85,11:50,12:04,1,1,T1,,,,,,,,,,,,,,,,,,,,,,,,
122,04-04-85,12:38,12:45,1,1,T1,,,,,,,,,,,,,,,,,,,,,,,,
123,04-04-85,12:10,12:17,1,1,T1,,,,,,,,,,,,,,,,,,,,,,,,
124,05-04-85,12:14,12:36,1,1,T1,,,,,,,,,,,,,,,,,,,,,,,,
125,05-04-85,12:36,12:48,1,1,T1,,,,,,,,,,,,,,,,,,,,,,,,
126,06-04-85,12:57,13:30,1,1,T1,,,,,,,,,,,,,,,,,,,,,,,,
127,06-04-85,12:46,12:56,1,1,T1,,,,,,,,,,,,,,,,,,,,,,,,
128,06-04-85,13:36,14:09,1,1,T1,,,,,,,,,,,,,,,,,,,,,,,,
129,07-04-85,13:32,13:46,1,1,T1,,,,,,,,,,,,,,,,,,,,,,,,
130,07-04-85,13:57,14:08,1,1,T1,,,,,,,,,,,,,,,,,,,,,,,,
131,07-04-85,14:16,14:23,1,1,T1,,,,,,,,,,,,,,,,,,,,,,,,
132,01-05-85,10:57,11:05,2,1,T5,,,,,,,,,,,,,,,,,,,,,,,,
133,01-05-85,11:21,11:32,2,1,T5,,,,,,,,,,,,,,,,,,,,,,,,
134,01-05-85,11:33,11:41,2,1,T5,,,,,,,,,,,,,,,,,,,,,,,,
135,01-05-85,12:08,12:20,1,1,T5,,,,,,,,,,,,,,,,,,,,,,,,
136,01-05-85,12:22,12:31,1,1,T5,,,,,,,,,,,,,,,,,,,,,,,,
137,02-05-85,11:01,11:08,2,1,T5,,,,,,,,,,,,,,,,,,,,,,,,
138,02-05-85,11:10,11:13,2,1,T5,,,,,,,,,,,,,,,,,,,,,,,,
139,02-05-85,11:20,11:30,1,1,T5,,,,,,,,,,,,,,,,,,,,,,,,
140,02-05-85,11:57,12:22,1,1,T5,,,,,,,,,,,,,,,,,,,,,,,,
141,02-05-85,12:56,13:18,1,1,T5,,,,,,,,,,,,,,,,,,,,,,,,
142,03-05-85,11:26,11:32,1,1,T5,,,,,,,,,,,,,,,,,,,,,,,,
143,03-05-85,11:42,12:02,1,1,T5,,,,,,,,,,,,,,,,,,,,,,,,
144,03-05-85,12:15,12:22,1,1,T5,,,,,,,,,,,,,,,,,,,,,,,,
145,03-05-85,12:24,12:30,2,1,T5,,,,,,,,,,,,,,,,,,,,,,,,
146,03-05-85,12:42,12:56,2,1,T5,,,,,,,,,,,,,,,,,,,,,,,,
147,03-05-85,13:02,13:08,2,1,T5,,,,,,,,,,,,,,,,,,,,,,,,
148,04-05-85,11:34,11:43,2,1,T5,,,,,,,,,,,,,,,,,,,,,,,,
149,04-05-85,11:47,11:53,1,1,T5,,,,,,,,,,,,,,,,,,,,,,,,
150,04-05-85,12:00,12:08,1,1,T5,,,,,,,,,,,,,,,,,,,,,,,,
151,04-05-85,12:16,12:34,1,1,T5,,,,,,,,,,,,,,,,,,,,,,,,
152,04-05-85,12:47,13:03,1,1,T5,,,,,,,,,,,,,,,,,,,,,,,,
153,04-05-85,13:21,13:45,1,1,T5,,,,,,,,,,,,,,,,,,,,,,,,
154,05-05-85,12:05,12:14,1,1,T5,,,,,,,,,,,,,,,,,,,,,,,,
155,05-05-85,12:32,12:38,1,1,T5,,,,,,,,,,,,,,,,,,,,,,,,
156,05-05-85,12:50,12:59,1,1,T5,,,,,,,,,,,,,,,,,,,,,,,,
157,05-05-85,13:01,13:24,1,1,T5,,,,,,,,,,,,,,,,,,,,,,,,
158,05-05-85,13:32,13:44,1,1,T5,,,,,,,,,,,,,,,,,,,,,,,,
159,05-05-85,13:45,13:56,1,1,T5,,,,,,,,,,,,,,,,,,,,,,,,
160,12-06-85,09:45,09:52,3,3,M2,,,,,,,,,,,,,,,,,,,,,,,,
161,12-06-85,10:02,10:06,3,3,M2,,,,,,,,,,,,,,,,,,,,,,,,
162,12-06-85,10:16,10:22,3,3,M2,,,,,,,,,,,,,,,,,,,,,,,,
163,12-06-85,10:24,10:40,3,3,M2,,,,,,,,,,,,,,,,,,,,,,,,
164,13-06-85,09:18,09:24,3,3,M2,,,,,,,,,,,,,,,,,,,,,,,,
165,13-06-85,09:27,09:38,3,3,M2,,,,,,,,,,,,,,,,,,,,,,,,
166,13-06-85,09:45,09:55,3,3,M2,,,,,,,,,,,,,,,,,,,,,,,,
167,13-06-85,10:02,10:08,3,3,M2,,,,,,,,,,,,,,,,,,,,,,,,
168,13-06-85,10:23,10:35,3,3,M2,,,,,,,,,,,,,,,,,,,,,,,,
169,13-06-85,10:41,10:46,3,3,M2,,,,,,,,,,,,,,,,,,,,,,,,
170,13-06-85,10:49,11:05,3,3,M2,,,,,,,,,,,,,,,,,,,,,,,,
171,14-06-85,09:52,10:02,3,3,M2,,,,,,,,,,,,,,,,,,,,,,,,
172,14-06-85,10:05,10:13,3,3,M2,,,,,,,,,,,,,,,,,,,,,,,,
173,14-06-85,10:22,10:33,3,3,M2,,,,,,,,,,,,,,,,,,,,,,,,
174,17-06-85,11:44,11:51,3,3,M1,,,,,,,,,,,,,,,,,,,,,,,,
175,17-06-85,11:54,12:09,3,3,M1,,,,,,,,,,,,,,,,,,,,,,,,
176,17-06-85,12:19,12:29,3,3,M1,,,,,,,,,,,,,,,,,,,,,,,,
177,17-06-85,12:31,12:53,3,3,M1,,,,,,,,,,,,,,,,,,,,,,,,
178,18-06-85,12:01,12:04,3,3,M1,,,,,,,,,,,,,,,,,,,,,,,,
179,18-06-85,12:06,12:28,3,3,M1,,,,,,,,,,,,,,,,,,,,,,,,
180,18-06-85,12:39,12:44,3,3,M1,,,,,,,,,,,,,,,,,,,,,,,,
181,18-06-85,12:46,12:49,3,3,M1,,,,,,,,,,,,,,,,,,,,,,,,
182,18-06-85,12:50,12:56,3,3,M1,,,,,,,,,,,,,,,,,,,,,,,,
183,18-06-85,13:02,13:07,3,3,M1,,,,,,,,,,,,,,,,,,,,,,,,
184,18-06-85,13:08,13:22,3,3,M1,,,,,,,,,,,,,,,,,,,,,,,,
185,18-06-85,13:34,13:39,3,3,M1,,,,,,,,,,,,,,,,,,,,,,,,
186,18-06-85,13:40,13:52,3,3,M1,,,,,,,,,,,,,,,,,,,,,,,,
187,19-06-85,12:11,12:17,3,3,M1,,,,,,,,,,,,,,,,,,,,,,,,
188,19-06-85,12:19,12:38,3,3,M1,,,,,,,,,,,,,,,,,,,,,,,,
189,19-06-85,12:51,12:53,3,3,M1,,,,,,,,,,,,,,,,,,,,,,,,
190,19-06-85,12:55,14:04,3,3,M1,,,,,,,,,,,,,,,,,,,,,,,,
191,19-06-85,14:11,14:42,3,3,M1,,,,,,,,,,,,,,,,,,,,,,,,
192,19-06-85,14:54,14:56,3,3,M1,,,,,,,,,,,,,,,,,,,,,,,,
193,20-06-85,12:46,13:16,3,3,M1,,,,,,,,,,,,,,,,,,,,,,,,
194,20-06-85,13:26,14:01,3,3,M1,,,,,,,,,,,,,,,,,,,,,,,,
195,20-06-85,14:09,15:20,3,3,M1,,,,,,,,,,,,,,,,,,,,,,,,
196,26-06-85,07:30,08:25,3,3,M1,,,,,,,,,,,,,,,,,,,,,,,,
197,26-06-85,08:38,09:55,3,3,M1,,,,,,,,,,,,,,,,,,,,,,,,
198,27-06-85,07:47,08:27,3,3,M1,,,,,,,,,,,,,,,,,,,,,,,,
199,27-06-85,08:37,09:07,3,3,M1,,,,,,,,,,,,,,,,,,,,,,,,
200,27-06-85,09:20,10:13,3,3,M1,,,,,,,,,,,,,,,,,,,,,,,,
201,28-06-85,08:12,09:07,3,3,M1,,,,,,,,,,,,,,,,,,,,,,,,
202,28-06-85,09:16,10:01,3,3,M1,,,,,,,,,,,,,,,,,,,,,,,,
203,28-06-85,10:13,11:03,3,3,M1,,,,,,,,,,,,,,,,,,,,,,,,
204,29-06-85,09:10,09:11,3,3,M1,,,,,,,,,,,,,,,,,,,,,,,,
205,29-06-85,09:20,09:30,3,3,M1,,,,,,,,,,,,,,,,,,,,,,,,
206,29-06-85,10:00,10:06,3,3,M1,,,,,,,,,,,,,,,,,,,,,,,,
207,29-06-85,10:14,11:06,3,3,M1,,,,,,,,,,,,,,,,,,,,,,,,
208,30-06-85,09:54,10:07,3,3,M1,,,,,,,,,,,,,,,,,,,,,,,,
209,30-06-85,10:32,10:50,3,3,M1,,,,,,,,,,,,,,,,,,,,,,,,
210,30-06-85,11:00,11:02,3,3,M1,,,,,,,,,,,,,,,,,,,,,,,,
211,30-06-85,11:10,12:05,3,3,M1,,,,,,,,,,,,,,,,,,,,,,,,
212,01-07-85,11:08,11:35,3,3,M1,,,,,,,,,,,,,,,,,,,,,,,,
213,01-07-85,11:46,11:48,3,3,M1,,,,,,,,,,,,,,,,,,,,,,,,
214,01-07-85,11:53,12:54,3,3,M1,,,,,,,,,,,,,,,,,,,,,,,,
215,16-07-85,11:41,11:46,1,1,T2,,,,,,,,,,,,,,,,,,,,,,,,
216,16-07-85,11:49,12:03,1,1,T2,,,,,,,,,,,,,,,,,,,,,,,,
217,16-07-85,12:00,12:04,1,1,T2,,,,,,,,,,,,,,,,,,,,,,,,
218,16-07-85,12:18,12:21,1,1,T2,,,,,,,,,,,,,,,,,,,,,,,,
219,16-07-85,12:31,12:36,1,1,T2,,,,,,,,,,,,,,,,,,,,,,,,
220,16-07-85,12:43,12:52,1,1,T2,,,,,,,,,,,,,,,,,,,,,,,,
221,29-07-85,10:44,10:49,1,1,T2,,,,,,,,,,,,,,,,,,,,,,,,
222,29-07-85,10:50,11:15,1,1,T2,,,,,,,,,,,,,,,,,,,,,,,,
223,29-07-85,11:25,11:30,1,1,T2,,,,,,,,,,,,,,,,,,,,,,,,
224,29-07-85,11:31,11:51,1,1,T2,,,,,,,,,,,,,,,,,,,,,,,,
225,29-07-85,12:29,12:34,1,1,T2,,,,,,,,,,,,,,,,,,,,,,,,
226,29-07-85,12:40,12:45,1,1,T2,,,,,,,,,,,,,,,,,,,,,,,,
227,29-07-85,11:59,12:05,1,1,T2,,,,,,,,,,,,,,,,,,,,,,,,
228,29-07-85,12:06,12:20,1,1,T2,,,,,,,,,,,,,,,,,,,,,,,,
229,14-08-85,11:39,11:43,1,1,T4,,,,,,,,,,,,,,,,,,,,,,,,
230,14-08-85,11:48,11:59,1,1,T4,,,,,,,,,,,,,,,,,,,,,,,,
231,14-08-85,12:08,12:13,1,1,T4,,,,,,,,,,,,,,,,,,,,,,,,
232,14-08-85,12:18,12:48,1,1,T4,,,,,,,,,,,,,,,,,,,,,,,,
233,14-08-85,12:58,13:01,1,1,T4,,,,,,,,,,,,,,,,,,,,,,,,
234,14-08-85,13:03,13:23,1,1,T4,,,,,,,,,,,,,,,,,,,,,,,,
235,15-08-85,12:55,12:59,1,1,T4,,,,,,,,,,,,,,,,,,,,,,,,
236,15-08-85,13:00,13:11,1,1,T4,,,,,,,,,,,,,,,,,,,,,,,,
237,15-08-85,13:25,13:43,1,1,T4,,,,,,,,,,,,,,,,,,,,,,,,
238,16-08-85,12:12,12:16,1,1,T4,,,,,,,,,,,,,,,,,,,,,,,,
239,16-08-85,12:17,12:33,1,1,T4,,,,,,,,,,,,,,,,,,,,,,,,
240,16-08-85,12:44,12:49,1,1,T4,,,,,,,,,,,,,,,,,,,,,,,,
241,16-08-85,12:50,13:07,1,1,T4,,,,,,,,,,,,,,,,,,,,,,,,
242,16-08-85,13:19,13:26,1,1,T4,,,,,,,,,,,,,,,,,,,,,,,,
243,16-08-85,13:29,13:39,1,1,T4,,,,,,,,,,,,,,,,,,,,,,,,
244,26-08-85,10:27,10:31,1,1,T4,,,,,,,,,,,,,,,,,,,,,,,,
245,26-08-85,10:36,10:46,1,1,T4,,,,,,,,,,,,,,,,,,,,,,,,
246,26-08-85,10:49,10:53,1,1,T4,,,,,,,,,,,,,,,,,,,,,,,,
247,26-08-85,10:54,11:10,1,1,T4,,,,,,,,,,,,,,,,,,,,,,,,
248,27-08-85,11:52,11:57,1,1,T4,,,,,,,,,,,,,,,,,,,,,,,,
249,27-08-85,12:00,12:05,1,1,T4,,,,,,,,,,,,,,,,,,,,,,,,
250,27-08-85,11:06,11:11,1,1,T4,,,,,,,,,,,,,,,,,,,,,,,,
251,27-08-85,11:13,11:43,1,1,T4,,,,,,,,,,,,,,,,,,,,,,,,
252,27-08-85,12:25,12:27,1,1,T4,,,,,,,,,,,,,,,,,,,,,,,,
253,27-08-85,12:29,12:40,1,1,T4,,,,,,,,,,,,,,,,,,,,,,,,
254,29-08-85,12:02,12:12,1,1,T4,,,,,,,,,,,,,,,,,,,,,,,,
255,29-08-85,12:15,12:38,1,1,T4,,,,,,,,,,,,,,,,,,,,,,,,
256,29-08-85,12:46,12:51,1,1,T4,,,,,,,,,,,,,,,,,,,,,,,,
257,29-08-85,12:52,13:18,1,1,T4,,,,,,,,,,,,,,,,,,,,,,,,
258,29-08-85,13:31,13:36,1,1,T4,,,,,,,,,,,,,,,,,,,,,,,,
259,10-09-85,11:54,11:59,1,1,T3,,,,,,,,,,,,,,,,,,,,,,,,
260,10-09-85,12:00,12:05,1,1,T3,,,,,,,,,,,,,,,,,,,,,,,,
261,10-09-85,12:09,12:13,1,1,T3,,,,,,,,,,,,,,,,,,,,,,,,
262,10-09-85,12:13,12:19,1,1,T3,,,,,,,,,,,,,,,,,,,,,,,,
263,11-09-85,11:10,11:14,1,1,T3,,,,,,,,,,,,,,,,,,,,,,,,
264,11-09-85,11:15,11:19,1,1,T3,,,,,,,,,,,,,,,,,,,,,,,,
265,11-09-85,11:22,11:24,1,1,T3,,,,,,,,,,,,,,,,,,,,,,,,
266,11-09-85,11:24,11:28,1,1,T3,,,,,,,,,,,,,,,,,,,,,,,,
267,11-09-85,10:47,10:50,1,1,T3,,,,,,,,,,,,,,,,,,,,,,,,
268,11-09-85,10:54,10:58,1,1,T3,,,,,,,,,,,,,,,,,,,,,,,,
269,11-09-85,11:00,11:05,1,1,T3,,,,,,,,,,,,,,,,,,,,,,,,
270,11-09-85,11:34,11:39,1,1,T3,,,,,,,,,,,,,,,,,,,,,,,,
271,11-09-85,11:40,11:44,1,1,T3,,,,,,,,,,,,,,,,,,,,,,,,
272,12-09-85,11:13,11:17,1,1,T3,,,,,,,,,,,,,,,,,,,,,,,,
273,12-09-85,11:18,11:24,1,1,T3,,,,,,,,,,,,,,,,,,,,,,,,
274,12-09-85,11:27,11:32,1,1,T3,,,,,,,,,,,,,,,,,,,,,,,,
275,12-09-85,11:33,11:36,1,1,T3,,,,,,,,,,,,,,,,,,,,,,,,
276,12-09-85,11:40,11:45,1,1,T3,,,,,,,,,,,,,,,,,,,,,,,,
277,12-09-85,11:45,11:48,1,1,T3,,,,,,,,,,,,,,,,,,,,,,,,
278,12-09-85,11:51,12:01,1,1,T3,,,,,,,,,,,,,,,,,,,,,,,,
279,12-09-85,11:56,12:01,1,1,T3,,,,,,,,,,,,,,,,,,,,,,,,
280,12-09-85,12:09,12:14,1,1,T3,,,,,,,,,,,,,,,,,,,,,,,,
281,12-09-85,12:15,12:18,1,1,T3,,,,,,,,,,,,,,,,,,,,,,,,
282,13-09-85,11:27,11:31,1,1,T3,,,,,,,,,,,,,,,,,,,,,,,,
283,13-09-85,11:35,11:40,1,1,T3,,,,,,,,,,,,,,,,,,,,,,,,
284,13-09-85,11:44,11:49,1,1,T3,,,,,,,,,,,,,,,,,,,,,,,,
285,13-09-85,11:52,11:57,1,1,T3,,,,,,,,,,,,,,,,,,,,,,,,
286,13-09-85,12:05,12:09,1,1,T3,,,,,,,,,,,,,,,,,,,,,,,,
287,13-09-85,12:12,12:18,1,1,T3,,,,,,,,,,,,,,,,,,,,,,,,
